{
  "human_a_vs_human_b": {
    "kappa": 0.2757009345794392,
    "n": 100,
    "ci_lo": 0.07321787426649204,
    "ci_hi": 0.4652465967152198,
    "ci_width": 0.3920287224487278,
    "n_bootstrap": 10000
  },
  "llm_vs_human_a": {
    "kappa": 0.3992606284658041,
    "n": 100,
    "ci_lo": 0.20701168614357268,
    "ci_hi": 0.5794392523364486,
    "ci_width": 0.37242756619287587,
    "n_bootstrap": 10000
  },
  "llm_vs_human_b": {
    "kappa": 0.4104803493449781,
    "n": 100,
    "ci_lo": 0.21477079796264853,
    "ci_hi": 0.5913559678194042,
    "ci_width": 0.3765851698567557,
    "n_bootstrap": 10000
  },
  "llm_vs_consolidated": {
    "kappa": 0.5990491283676703,
    "n": 69,
    "ci_lo": 0.3755656108597285,
    "ci_hi": 0.7906976744186046,
    "ci_width": 0.4151320635588761,
    "n_bootstrap": 10000
  }
}